timestamp,elapsed_s,current_uA,voltage_uV,capacity_pct,charge_uAh,cpu0_khz,cpu4_khz,cpu7_khz,gpu_hz,gpu_busy_pct,cpuss0,gpuss0,nsphvx0,nsphvx1,nsphmx0,nsphmx1,xo_therm,skin_therm,shell_front,shell_back
18:34:58,0,1155,4291000,100,5579000,787200,844800,902400,903000000,9,49400,46900,59300,56200,52300,51200,32957,38245,30300,30300
18:35:08,10,1209,4291000,100,5575000,787200,1708800,672000,903000000,9,51000,47300,55000,51900,50800,50400,33460,39158,30300,30300
18:35:19,21,1261,4290000,100,5570000,787200,1612800,902400,903000000,9,51800,50100,54600,54600,55000,59300,33972,40002,30400,30400
18:35:29,31,1330,4279000,100,5567000,787200,2707200,902400,903000000,9,51800,50500,58500,55800,55400,55000,34424,40939,30400,30400
18:35:40,42,1186,4288000,100,5562000,787200,1612800,902400,903000000,9,52600,50100,62000,59300,55000,55000,34829,41181,30500,30500
18:35:50,52,1245,4283000,100,5559000,787200,960000,902400,903000000,10,53300,50100,56200,60100,54600,54600,35161,41312,30500,30500
18:36:00,62,1175,4289000,100,5555000,787200,1401600,902400,903000000,9,53300,50100,57400,59300,55000,54600,35477,41612,30600,30600
18:36:11,73,1316,4281000,100,5551000,787200,1824000,902400,903000000,10,52900,50900,57700,58900,59300,60100,35738,41857,30600,30600
18:36:21,83,1282,4287000,100,5547000,787200,844800,902400,903000000,9,53700,51300,60100,60500,57400,56600,36034,42294,30700,30700
18:36:32,94,1426,4266000,100,5542000,787200,1612800,902400,903000000,9,54100,51300,61200,58500,57700,57700,36315,42626,30800,30800
18:36:42,104,1342,4269000,100,5538000,787200,844800,902400,903000000,9,54100,51700,57700,60500,57400,59700,36576,42949,30900,30900
18:36:52,114,1309,4280000,100,5534000,787200,1190400,902400,903000000,9,54900,52100,60800,61200,58900,61200,36852,43554,31000,31000
18:37:02,124,1329,4280000,100,5530000,787200,844800,902400,903000000,9,54900,52400,59700,59700,58100,58900,37121,43526,31100,31100
18:37:12,134,1136,4308000,100,5526000,787200,1612800,902400,903000000,10,55300,52400,57700,58500,57700,58100,37309,43554,31100,31100
18:37:23,145,1314,4274000,100,5522000,787200,844800,902400,903000000,9,55300,52400,60500,57700,60500,63600,37484,43709,31200,31200
18:37:33,155,1177,4289000,100,5519000,787200,1612800,902400,903000000,9,55300,52100,64000,61600,58900,59700,37682,43931,31300,31300
18:37:43,165,1323,4270000,100,5515000,787200,1612800,902400,903000000,9,56100,52400,59700,65500,64300,57400,37916,44443,31400,31400
18:37:54,176,1309,4280000,100,5510000,556800,2035200,902400,903000000,9,55300,53200,62000,62000,64000,63600,38109,44492,31500,31500
18:38:05,187,1455,4278000,100,5506000,787200,1075200,902400,903000000,9,55300,54000,62400,63600,59300,59300,38282,44672,31700,31700
18:38:16,198,1303,4264000,100,5501000,787200,2707200,902400,903000000,9,56100,53200,61600,62400,64000,63600,38454,44927,31800,31800
18:38:26,208,1308,4277000,100,5497000,787200,844800,902400,903000000,9,56400,54000,59700,62800,64300,60100,38632,44920,31900,31900
18:38:37,219,1243,4268000,100,5493000,787200,1824000,672000,903000000,10,57600,54400,68600,63200,62800,60500,38790,45157,32000,32000
18:38:47,229,1278,4277000,100,5489000,787200,1286400,902400,903000000,9,56400,54000,61200,60100,59300,58900,38949,45236,32100,32100
18:38:57,239,1359,4272000,100,5485000,787200,1612800,902400,903000000,9,57200,54000,62400,60800,60800,60500,39107,45478,32200,32200
18:39:07,249,1294,4277000,100,5481000,787200,960000,902400,903000000,9,56800,54000,67400,63600,59700,60800,39265,45578,32400,32400
18:39:18,260,1198,4275000,100,5477000,787200,1824000,902400,903000000,9,56400,54400,62400,61600,58500,62000,39410,45669,32500,32500
18:39:29,271,1388,4266000,100,5473000,787200,844800,902400,903000000,9,56800,54800,60500,66700,62800,62000,39572,45888,32600,32600
18:39:39,281,1295,4276000,100,5469000,787200,1612800,902400,903000000,9,57600,55600,62000,62000,60800,61200,39721,46014,32700,32700
18:39:50,292,1213,4283000,100,5464000,787200,844800,902400,903000000,9,57600,54800,62000,61200,60500,62800,39870,46129,32800,32800
18:40:00,302,1241,4283000,100,5460000,902400,2707200,902400,903000000,9,57600,55200,65900,64300,63600,63200,40009,46384,32900,32900
18:40:11,313,1340,4264000,99,5455000,787200,2515200,902400,903000000,10,60700,56400,60800,60100,64000,60800,40324,47867,33000,33000
18:40:21,323,1196,4282000,99,5451000,787200,844800,902400,903000000,9,59200,56000,66700,62000,66300,60800,40579,47384,33100,33100
18:40:31,333,1310,4273000,99,5447000,787200,1708800,902400,903000000,9,58800,55200,62800,62400,62000,62000,40661,47137,33200,33200
18:40:41,343,1211,4279000,99,5443000,787200,1612800,902400,903000000,9,58000,56000,65100,64300,64000,67100,40744,47175,33300,33300
18:40:52,354,1222,4273000,99,5439000,787200,1612800,902400,903000000,10,59200,55600,67100,69800,67100,66700,40832,47145,33400,33400
18:41:02,364,1097,4275000,99,5434000,787200,1612800,902400,903000000,9,59200,56000,62400,62000,64700,67400,40939,47370,33500,33500
18:41:13,375,1389,4266000,99,5430000,787200,1286400,902400,903000000,9,59200,56000,65900,65100,64300,64300,41070,47519,33600,33600
18:41:23,385,1305,4272000,99,5426000,787200,1824000,902400,903000000,9,59200,56800,61600,60500,58900,61200,41175,47437,33800,33800
18:41:34,396,1282,4272000,99,5422000,787200,1401600,902400,903000000,9,59200,56400,63200,62000,61600,61200,41267,47563,33800,33800
18:41:44,406,1242,4278000,99,5417000,787200,1075200,902400,903000000,9,58400,56400,64700,62400,63200,61200,41384,47675,34000,34000
18:41:55,417,1275,4263000,99,5413000,787200,1497600,902400,903000000,9,58800,56800,63200,63600,62000,64000,41502,47912,34100,34100
18:42:05,427,1416,4270000,99,5409000,787200,844800,902400,903000000,9,59600,56400,64000,63600,62400,61200,41612,47992,34200,34200
18:42:16,438,1265,4278000,99,5404000,787200,2707200,902400,903000000,9,63900,57600,64300,65100,64700,64300,41728,48736,34300,34300
18:42:26,448,1456,4253000,99,5400000,787200,1612800,902400,903000000,9,61100,58000,72500,64700,64000,63600,41973,48835,34400,34400
18:42:36,458,1517,4256000,98,5395000,787200,1708800,902400,903000000,9,61100,58000,62800,62000,60800,68200,42153,49309,34500,34500
18:42:46,468,1390,4266000,98,5391000,787200,844800,902400,903000000,9,60700,57600,67100,67400,63600,67100,42301,49152,34600,34600
18:42:56,478,1338,4271000,98,5387000,787200,1612800,902400,903000000,9,60700,57600,70200,66700,64300,63600,42427,49129,34700,34700
18:43:06,488,1432,4256000,98,5383000,1017600,1612800,902400,903000000,9,60700,57200,67100,65100,63600,62800,42500,49114,34800,34800
18:43:17,499,1320,4265000,98,5378000,787200,844800,902400,903000000,9,60700,57200,66300,70200,64300,64000,42587,49084,34900,34900
18:43:27,509,1233,4271000,98,5374000,787200,1612800,902400,903000000,10,60700,58000,67100,65900,66300,62800,42673,49474,35000,35000
18:43:38,520,1227,4265000,98,5370000,787200,844800,902400,903000000,9,60300,57600,68200,67400,64300,63200,42765,49254,35100,35100
18:43:48,530,1466,4257000,98,5366000,787200,1401600,902400,903000000,9,61100,58400,70900,65100,64300,63600,42831,49459,35200,35200
18:43:58,540,1208,4264000,98,5362000,787200,1612800,902400,903000000,9,61100,58000,68600,70200,66300,69800,42910,49427,35300,35300
18:44:09,551,1320,4272000,98,5358000,787200,844800,902400,903000000,9,60700,58000,67100,64000,65900,69400,42982,49459,35400,35400
18:44:19,561,1230,4264000,98,5353000,787200,1612800,902400,903000000,9,60300,57600,64700,65900,65500,62400,43056,49544,35500,35500
18:44:30,572,1451,4252000,98,5349000,787200,1708800,902400,903000000,9,61100,58800,65500,65500,64000,64300,43159,49716,35600,35600
18:44:40,582,1252,4265000,98,5345000,787200,2707200,902400,903000000,9,61100,58000,67400,65100,63600,63600,43248,49599,35700,35700
18:44:51,593,1347,4264000,98,5340000,787200,2380800,902400,903000000,9,61100,58000,70500,67100,69400,66300,43323,49763,35800,35800
18:45:01,603,1302,4264000,98,5336000,1804800,1401600,902400,903000000,9,61500,58800,64700,68200,66300,69400,43404,49903,35900,35900
18:45:12,614,1339,4259000,97,5332000,787200,1612800,902400,903000000,9,61900,58800,67100,69400,67800,70900,43506,50287,36000,36000
18:45:22,624,1262,4254000,97,5327000,787200,1612800,902400,903000000,9,61900,58400,65500,64700,66300,66300,43628,50120,36100,36100
18:45:33,635,1308,4260000,97,5323000,902400,844800,902400,903000000,9,61900,59200,67800,68600,68600,69000,43729,50327,36200,36200
18:45:43,645,1335,4258000,97,5319000,787200,1612800,902400,903000000,9,61900,58800,68600,68200,64000,66700,43796,50158,36300,36300
18:45:54,656,1243,4259000,97,5314000,787200,844800,902400,903000000,9,61900,59200,66300,65500,67800,63200,43844,50222,36400,36400
18:46:04,666,1436,4251000,97,5310000,787200,1612800,902400,903000000,9,62700,58800,70200,67100,65900,63200,43897,50295,36400,36400
18:46:15,677,1352,4256000,97,5306000,787200,844800,902400,903000000,9,61900,59900,67100,66300,65900,65500,43984,50504,36500,36500
18:46:25,687,1442,4254000,97,5301000,787200,2707200,902400,903000000,9,63100,58800,66300,66300,65100,65500,44067,50777,36600,36600
18:46:36,698,1300,4259000,97,5297000,787200,2707200,902400,903000000,9,62300,59200,67400,66300,65500,65100,44158,50560,36600,36600
18:46:46,708,1340,4256000,97,5292000,787200,1497600,902400,903000000,9,61900,59200,65500,65500,68600,70200,44227,50649,36700,36700
18:46:56,718,1407,4253000,97,5288000,787200,2707200,902400,903000000,9,62700,59900,67800,65900,65500,65500,44318,50816,36800,36800
18:47:07,729,1448,4253000,97,5284000,787200,1612800,902400,903000000,9,62700,59900,74800,66300,65500,66300,44381,50745,36900,36900
18:47:17,739,1459,4252000,97,5279000,787200,1612800,902400,903000000,9,63100,59600,74800,67100,65900,65100,44457,50912,37000,37000
18:47:28,750,1407,4254000,97,5275000,787200,2131200,902400,903000000,9,63500,59600,65900,65900,70200,69000,44513,51142,37100,37100
18:47:38,760,1305,4257000,96,5271000,787200,844800,902400,903000000,9,62300,59900,68200,66300,66300,64300,44596,51142,37200,37200
18:47:49,771,1244,4255000,96,5266000,787200,1612800,902400,903000000,9,63100,59900,72900,69400,71300,64700,44665,51289,37200,37200
18:47:59,781,1340,4253000,96,5262000,787200,844800,902400,903000000,9,63500,59200,67800,67100,65900,66700,44734,51380,37300,37300
18:48:10,792,1378,4249000,96,5258000,787200,1612800,902400,903000000,9,63100,60300,70900,68600,67100,71700,44824,51512,37400,37400
18:48:20,802,1402,4247000,96,5253000,787200,1612800,902400,903000000,9,62700,59900,67400,67400,68200,70500,44879,51479,37400,37400
18:48:31,813,1351,4250000,96,5249000,787200,1824000,902400,903000000,9,63100,59900,69000,68600,64700,64000,44940,51405,37500,37500
18:48:42,824,1234,4251000,96,5245000,787200,1401600,902400,903000000,9,63900,60300,73600,65900,65900,70500,45002,51619,37600,37600
18:48:52,834,1298,4251000,96,5240000,787200,844800,902400,903000000,9,63100,59600,67800,66700,66300,65500,45086,51537,37700,37700
18:49:03,845,1334,4249000,96,5236000,1017600,2035200,902400,903000000,9,63900,60300,64300,63200,64000,65100,45150,51751,37800,37800
18:49:13,855,1252,4258000,96,5231000,787200,2707200,902400,903000000,9,63500,60300,65900,67100,66300,67100,45214,51677,37800,37800
18:49:24,866,1375,4246000,96,5227000,787200,1497600,902400,903000000,9,63500,60700,69000,67100,66700,67800,45272,51751,37900,37900
18:49:34,876,1293,4245000,96,5223000,787200,1286400,902400,903000000,9,64200,62300,69400,68200,67400,66700,45449,52437,38000,38000
18:49:45,887,1441,4241000,96,5218000,787200,1612800,902400,903000000,9,65800,61500,69800,70500,71300,68600,45585,52360,38000,38000
18:49:55,897,1378,4245000,96,5213000,1017600,1612800,902400,903000000,9,64200,61500,67800,68200,67800,67400,45627,52411,38100,38100
18:50:05,907,1282,4252000,95,5209000,1804800,1190400,902400,903000000,9,64200,61100,74000,67400,69000,72100,45691,52402,38100,38100
18:50:16,918,1289,4244000,95,5205000,787200,1497600,902400,903000000,9,63900,60700,69000,68600,67100,66300,45740,52352,38200,38200
18:50:26,928,1252,4255000,95,5201000,787200,1075200,902400,903000000,9,63500,61100,68200,70900,69400,69800,45775,52216,38200,38300
18:50:36,938,1361,4241000,95,5197000,787200,2707200,902400,903000000,9,63500,60700,71700,69800,69400,68200,45803,52233,38300,38300
18:50:47,949,1319,4246000,95,5192000,787200,2323200,902400,903000000,9,64200,60700,70900,70200,67100,67400,45853,52250,38300,38300
18:50:57,959,1271,4243000,95,5188000,556800,1824000,902400,903000000,9,64600,61500,67400,75600,70500,70900,45888,52276,38400,38400
18:51:08,970,1448,4240000,95,5184000,902400,2707200,902400,903000000,11,66200,60700,69800,69800,70900,69800,45951,52488,38500,38500
18:51:18,980,1377,4239000,95,5180000,787200,2707200,902400,903000000,9,64200,61100,68200,69000,68200,66700,46028,52496,38500,38500
18:51:28,990,1333,4240000,95,5175000,787200,844800,902400,903000000,9,63900,60300,68600,67800,67100,66300,46063,52488,38600,38600
18:51:39,1001,1418,4241000,95,5171000,787200,1824000,902400,903000000,9,64200,61100,69800,67800,67100,72100,46114,52801,38600,38600
18:51:49,1011,1258,4248000,95,5166000,787200,844800,902400,903000000,9,64200,61900,69400,67800,67100,66300,46180,52589,38700,38700
18:52:00,1022,1350,4240000,95,5162000,787200,1612800,902400,903000000,9,64600,61100,68200,68200,70200,67400,46209,52614,38800,38800
18:52:10,1032,1398,4237000,95,5158000,787200,960000,902400,903000000,9,64200,62700,70900,67400,67100,66700,46246,52801,38800,38800
18:52:21,1043,1289,4247000,95,5153000,1804800,1920000,902400,903000000,9,65000,61900,70200,67800,67100,73300,46326,52960,38800,38800
18:52:31,1053,1413,4230000,95,5149000,787200,2572800,902400,903000000,10,65000,61500,68200,71700,69000,70200,46377,52809,38900,38900
18:52:42,1064,1356,4236000,94,5144000,787200,844800,902400,903000000,9,65400,61100,67100,67400,69400,67400,46435,52985,39000,39000
18:52:52,1074,1295,4235000,94,5140000,787200,844800,902400,903000000,9,65000,60300,69800,67800,67100,72500,46501,52901,39000,39000
18:53:02,1084,1311,4236000,94,5136000,787200,844800,902400,903000000,9,64600,61500,71700,71300,67100,67400,46530,52951,39100,39100
18:53:13,1095,1392,4233000,94,5131000,787200,1612800,902400,903000000,9,65000,61100,71300,69000,68600,67800,46573,53136,39100,39100
18:53:23,1105,1422,4230000,94,5127000,787200,960000,902400,903000000,9,64600,61500,71300,76400,70200,70200,46631,53010,39200,39200
18:53:34,1116,1377,4232000,94,5122000,1017600,844800,902400,903000000,9,65400,61500,69400,69000,67400,70900,46661,53187,39200,39200
18:53:44,1126,1306,4232000,93,5118000,787200,1401600,902400,903000000,9,65000,62700,71300,71300,72500,72900,46719,53203,39300,39300
18:53:55,1137,1441,4232000,93,5113000,556800,2707200,902400,903000000,9,65000,61500,77100,70500,69800,67400,46776,53170,39300,39300
18:54:05,1147,1339,4233000,93,5109000,902400,2707200,902400,903000000,9,65400,61500,68200,75200,69800,68600,46805,53144,39400,39400
18:54:15,1157,1338,4239000,93,5105000,787200,1612800,902400,903000000,9,65000,61900,71700,70900,68200,68600,46841,53289,39400,39400
18:54:26,1168,1374,4230000,93,5101000,787200,1497600,902400,903000000,9,65000,61900,70900,67100,69400,70500,46885,53195,39400,39400
18:54:36,1178,1374,4227000,93,5096000,787200,844800,902400,903000000,9,65800,61900,69800,68200,69800,66300,46906,53315,39500,39500
18:54:47,1189,1361,4230000,93,5092000,787200,2246400,902400,903000000,9,65400,61900,70200,69000,68600,65900,46956,53410,39500,39500
18:54:57,1199,1385,4227000,93,5087000,1804800,1612800,902400,903000000,9,65400,61900,69000,70200,67800,67800,47007,53437,39600,39600
18:55:08,1210,1266,4230000,93,5083000,1804800,1708800,902400,903000000,9,66600,62700,72100,77500,69400,68200,47036,53896,39600,39600
18:55:18,1220,1407,4223000,93,5079000,787200,1708800,902400,903000000,9,65800,63100,75200,76000,74400,68200,47168,54000,39700,39700
18:55:28,1230,1342,4229000,93,5074000,787200,1612800,902400,903000000,9,67400,62700,70500,73300,71700,72900,47257,54155,39700,39700
18:55:38,1240,1461,4224000,93,5069000,787200,1612800,902400,903000000,9,66200,62700,71700,71300,69800,72500,47325,54035,39800,39800
18:55:49,1251,1256,4225000,93,5065000,787200,1920000,902400,903000000,9,66200,62700,74000,77900,71300,68200,47347,53974,39800,39800
18:55:59,1261,1307,4224000,92,5061000,787200,1497600,902400,903000000,9,65800,62700,69400,72500,72100,70900,47362,53879,39900,39900
18:56:10,1272,1274,4227000,92,5056000,787200,1612800,902400,903000000,9,66200,62300,74800,78300,71300,69000,47377,53974,39900,39900
18:56:20,1282,1424,4220000,92,5052000,787200,2707200,902400,903000000,9,66600,63900,72100,72500,67800,68200,47414,53922,40000,40000
18:56:30,1292,1337,4225000,92,5048000,787200,1612800,902400,903000000,9,66200,61500,69800,72500,69800,71300,47429,53896,40000,40000
18:56:40,1302,1304,4228000,92,5043000,787200,844800,902400,903000000,9,66200,63100,72500,70200,69000,69800,47429,53871,40000,40000
18:56:51,1313,1329,4221000,92,5039000,787200,1497600,902400,903000000,9,67400,64700,74000,71700,71300,74400,47437,54077,40000,40000
18:57:00,1322,1651,4207000,92,5035000,787200,1075200,902400,903000000,9,66600,63500,69800,79100,70500,69800,47526,54347,40100,40100
18:57:10,1332,1445,4213000,92,5031000,787200,2323200,902400,903000000,9,66200,63100,70500,71700,71300,70200,47586,54181,40100,40100
18:57:21,1343,1372,4218000,92,5026000,787200,2707200,902400,903000000,9,66200,62700,70900,69800,69400,69800,47600,54285,40100,40100
18:57:31,1353,1402,4217000,92,5022000,787200,2035200,902400,903000000,9,65400,62700,69400,72500,71700,70200,47622,54086,40200,40200
18:57:42,1364,1283,4227000,92,5017000,787200,1612800,902400,903000000,9,66200,62700,79100,73600,72500,71300,47622,54077,40200,40200
18:57:52,1374,1381,4217000,92,5013000,787200,1497600,902400,903000000,9,67000,62700,70200,72500,70200,73600,47645,54138,40300,40300
18:58:02,1384,1362,4214000,92,5009000,902400,1920000,902400,903000000,9,65400,62700,70200,70200,70500,69400,47690,54189,40300,40300
18:58:13,1395,1490,4213000,91,5004000,787200,1612800,902400,903000000,9,66600,63100,72500,76000,68200,71300,47712,54446,40300,40300
18:58:23,1405,1371,4214000,91,5000000,787200,844800,902400,903000000,9,66200,63100,73300,72100,70200,68600,47764,54419,40400,40400
18:58:34,1416,1295,4212000,91,4996000,787200,2707200,902400,903000000,10,66600,62700,73300,73600,69000,69000,47793,54338,40400,40400
18:58:44,1426,1322,4214000,91,4991000,1804800,844800,902400,903000000,9,66600,63500,70500,77100,70500,69000,47823,54392,40500,40500
18:58:55,1437,1400,4212000,91,4987000,787200,2246400,902400,903000000,9,66600,62300,69400,69400,74000,70200,47845,54463,40500,40500
18:59:05,1447,1460,4210000,91,4982000,787200,1920000,902400,903000000,9,66600,63900,72900,69800,68600,75600,47875,54320,40500,40500
18:59:16,1458,1459,4202000,91,4978000,787200,1612800,902400,903000000,9,66200,63100,69400,69800,70500,69400,47889,54347,40600,40600
18:59:26,1468,1340,4211000,91,4974000,787200,1075200,902400,903000000,9,65800,62700,74400,72500,67400,70500,47919,54473,40700,40700
18:59:37,1479,1499,4202000,91,4969000,787200,1401600,902400,903000000,9,66600,63100,69000,69800,69800,69800,47948,54383,40700,40700
18:59:47,1489,1306,4211000,91,4965000,556800,2707200,902400,903000000,9,67000,63100,70900,70200,69400,71300,47978,54473,40700,40700
18:59:58,1500,1438,4212000,91,4960000,787200,2515200,902400,903000000,9,66600,63500,76000,71300,72100,69000,47985,54437,40800,40800
19:00:08,1510,1554,4205000,91,4956000,787200,1497600,902400,903000000,10,66600,63500,72100,69800,73600,72100,48037,54803,40800,40800
19:00:19,1521,1500,4204000,90,4951000,787200,1920000,902400,903000000,9,67000,63500,70500,70500,68600,72100,48110,54652,40900,40900
19:00:29,1531,1457,4206000,90,4947000,787200,1286400,902400,903000000,9,66600,63500,70500,72900,70900,70900,48132,54607,40900,40900
19:00:39,1541,1286,4212000,90,4943000,787200,2707200,902400,903000000,9,66200,63100,72900,74000,74400,71300,48147,54669,40900,40900
19:00:50,1552,1274,4204000,90,4938000,787200,844800,902400,903000000,9,66600,63100,73300,72900,74800,70500,48163,54553,41000,41000
19:01:00,1562,1092,4208000,90,4934000,787200,1708800,902400,903000000,9,66200,64300,78300,73300,70500,74400,48186,54678,41000,41000
19:01:11,1573,1428,4200000,90,4930000,787200,1401600,902400,903000000,9,67000,63500,70500,69800,70200,71300,48225,54696,41100,41100
19:01:21,1583,1373,4203000,90,4925000,787200,1497600,902400,903000000,9,66200,64700,71300,69800,69400,72100,48240,54723,41100,41100
19:01:32,1594,1348,4202000,90,4921000,787200,2572800,902400,903000000,9,66600,63500,74000,73300,70900,70200,48286,54812,41100,41100
19:01:42,1604,1302,4210000,90,4917000,787200,1612800,902400,903000000,9,67000,65100,69800,72900,72900,72500,48317,55025,41100,41100
19:01:52,1614,1404,4198000,90,4912000,787200,1824000,902400,903000000,9,66600,63500,70200,70500,71700,72900,48363,54892,41200,41200
19:02:03,1625,1421,4200000,90,4908000,787200,1824000,902400,903000000,9,66600,63500,70900,70500,70500,69400,48378,55025,41200,41200
19:02:13,1635,1407,4202000,90,4903000,787200,960000,902400,903000000,9,67400,63900,70200,72100,75200,76000,48401,54883,41200,41200
19:02:24,1646,1382,4198000,90,4899000,556800,844800,902400,903000000,9,67000,63500,70500,70200,72100,75200,48416,55273,41200,41200
19:02:34,1656,1383,4198000,89,4895000,556800,1286400,902400,903000000,9,67000,65100,70900,71300,70200,69000,48462,55043,41300,41300
19:02:45,1667,1247,4202000,89,4891000,787200,2707200,902400,903000000,9,67000,63500,71300,70500,69800,71300,48485,55237,41300,41300
19:02:55,1677,1377,4197000,89,4887000,787200,844800,902400,903000000,9,66600,63900,73300,79100,71300,69400,48516,54998,41300,41300
19:03:05,1687,1279,4197000,89,4882000,787200,1612800,902400,903000000,9,67000,63500,73300,71300,69400,75200,48531,55069,41300,41300
19:03:16,1698,1484,4190000,89,4878000,787200,2707200,902400,903000000,9,66600,63500,73600,70900,69400,74400,48546,55220,41400,41400
19:03:26,1708,1428,4191000,89,4874000,787200,1190400,672000,903000000,9,67700,63500,74000,71300,70200,71700,48592,55105,41400,41400
19:03:36,1718,1320,4193000,89,4869000,787200,1708800,902400,903000000,9,67000,63900,71300,70200,69800,70500,48607,55202,41400,41400
19:03:47,1729,1412,4183000,89,4865000,787200,844800,902400,903000000,9,67400,63900,70500,70900,69800,73300,48638,55202,41400,41400
19:03:57,1739,1374,4191000,89,4860000,787200,1612800,902400,903000000,9,67400,63100,74400,73300,71700,69000,48660,55246,41500,41500
19:04:08,1750,1391,4190000,89,4857000,787200,1612800,902400,903000000,9,67000,64300,71700,72100,72100,72500,48683,55202,41500,41500
19:04:18,1760,1401,4189000,89,4852000,787200,844800,902400,903000000,9,67000,64700,79900,70900,70900,69000,48698,55318,41500,41500
19:04:29,1771,1407,4186000,89,4848000,787200,1497600,902400,903000000,9,66600,64300,71700,70500,74000,73600,48729,55299,41500,41500
19:04:40,1782,1438,4185000,89,4843000,787200,2707200,902400,903000000,9,67400,63900,74000,79900,71700,76400,48743,55382,41500,41500
19:04:50,1792,1408,4187000,88,4839000,787200,1612800,902400,903000000,9,67400,63500,72100,71300,70500,70500,48767,55373,41500,41500
19:05:01,1803,1292,4187000,88,4834000,787200,2707200,902400,903000000,9,67000,63900,71300,72900,72500,72100,48767,55336,41500,41500
19:05:11,1813,1409,4181000,88,4830000,787200,844800,902400,903000000,9,68500,65100,72500,69400,69800,73600,48789,55502,41500,41500
19:05:22,1824,1435,4183000,88,4825000,787200,1824000,902400,903000000,9,67700,64700,74400,72500,70500,70900,48835,55548,41500,41500
19:05:32,1834,1320,4181000,88,4821000,787200,844800,902400,903000000,9,67400,64300,74400,69400,74800,72100,48880,55520,41500,41500
19:05:42,1844,1317,4191000,88,4817000,787200,844800,902400,903000000,9,67000,63900,71700,71300,70500,70900,48902,55483,41500,41500
19:05:53,1855,1485,4178000,88,4812000,787200,2323200,902400,903000000,9,67000,64300,74400,73600,73600,69400,48926,55575,41600,41600
19:06:03,1865,1399,4181000,88,4808000,787200,1612800,902400,903000000,9,67700,64700,74000,69400,70200,70900,48933,55483,41600,41600
19:06:14,1876,1358,4181000,88,4803000,787200,1824000,902400,903000000,10,68100,63900,70900,73300,70900,70900,48926,55575,41600,41600
19:06:24,1886,1545,4178000,88,4799000,787200,844800,902400,903000000,9,67000,64300,70900,70500,72900,76400,48956,55649,41600,41600
19:06:35,1897,1320,4183000,88,4794000,787200,2131200,902400,903000000,9,68100,63900,72100,70900,69800,72900,48978,55511,41700,41700
19:06:45,1907,1359,4181000,88,4790000,787200,1612800,902400,903000000,9,67400,64300,74000,70500,71700,70900,49008,55566,41700,41700
19:06:55,1917,1516,4172000,88,4785000,787200,2438400,902400,903000000,9,67000,63900,72900,72100,70500,70500,49008,55760,41700,41700
19:07:06,1928,1502,4175000,87,4781000,787200,1075200,902400,903000000,9,67400,64700,72100,70500,70500,71300,49054,55860,41700,41700
19:07:16,1938,1298,4177000,87,4776000,787200,844800,902400,903000000,9,67400,64300,74800,74400,72500,71300,49062,55704,41800,41800
19:07:27,1949,1174,4173000,87,4771000,787200,2707200,902400,903000000,9,67700,64300,74400,74400,72900,71700,49092,55934,41800,41800
19:07:37,1959,1537,4165000,87,4767000,1132800,2707200,902400,903000000,9,72000,66700,73600,74800,77500,72500,49325,57800,41800,41800
19:07:47,1969,1285,4172000,87,4762000,787200,1612800,902400,903000000,9,69300,65900,74000,70900,71300,71300,49521,56770,41800,41800
19:07:57,1979,1385,4172000,87,4758000,787200,1075200,902400,903000000,9,68100,65100,72500,71700,72500,70900,49459,56401,41900,41900
19:08:08,1990,1318,4172000,87,4753000,787200,844800,902400,903000000,9,68100,64700,75200,71300,70500,70200,49403,56143,41900,41900
19:08:18,2000,189,4220000,87,4750000,1017600,844800,902400,231000000,6,60000,55600,57700,57400,57000,57000,49364,55185,41900,41900
19:08:28,2010,103,4226000,87,4748000,2265600,3148800,672000,231000000,0,60000,53200,54600,54300,53900,53500,48767,53069,41700,41700
19:08:39,2021,28,4235000,87,4747000,787200,2707200,902400,231000000,0,51400,49700,50800,50400,50400,49600,47727,50287,41200,41200
19:08:50,2032,246,4229000,87,4747000,787200,844800,672000,231000000,0,49400,47300,48800,48800,48800,48800,46769,48759,40900,40900
19:09:02,2044,111,4235000,87,4746000,787200,2707200,902400,231000000,0,50200,47300,48800,48000,48400,48000,46092,47934,40700,40700
19:09:13,2055,162,4227000,87,4745000,787200,2707200,3302400,231000000,0,48300,46100,48000,47300,47300,47300,45563,47377,40600,40600
19:09:24,2066,25,4240000,87,4745000,1804800,3148800,3302400,231000000,0,60300,48500,50000,49600,48800,48000,45165,47719,40500,40500
19:09:33,2075,405,4225000,87,4743000,787200,2707200,672000,231000000,0,50200,47700,49600,49200,48400,48000,45143,48691,40400,40400
19:09:43,2085,117,4235000,87,4743000,556800,2707200,672000,231000000,0,47900,46100,47700,47300,47300,46900,44947,46913,40300,40300
19:09:54,2096,126,4235000,87,4742000,556800,614400,672000,231000000,0,46700,45700,46500,46100,46100,45700,44513,46202,40200,40200
19:10:05,2107,125,4238000,87,4741000,672000,614400,672000,231000000,0,45900,44900,46500,45700,46100,45700,44150,45895,40100,40100
19:10:16,2118,52,4240000,87,4741000,1804800,614400,672000,231000000,0,45500,44200,45700,44900,44900,44900,43790,45022,40000,40000
19:10:28,2130,22,4241000,87,4740000,787200,844800,902400,231000000,0,45100,43800,45300,44900,44900,44900,43452,44851,39900,39900
19:10:39,2141,54,4240000,87,4740000,556800,614400,672000,231000000,0,44800,43800,44900,44600,44600,44200,43152,44464,39700,39700
19:10:51,2153,57,4241000,87,4739000,556800,2707200,672000,231000000,0,44400,42600,44200,44200,43800,43800,42831,43958,39600,39600
19:11:02,2164,158,4236000,87,4739000,787200,1612800,902400,231000000,0,44400,43000,44600,44200,43400,44200,42560,43742,39400,39400
19:11:14,2176,58,4241000,87,4738000,556800,2707200,672000,231000000,0,43600,42600,44200,43800,43400,43800,42287,43390,39300,39300
19:11:25,2187,76,4241000,87,4738000,556800,614400,672000,231000000,0,44000,42200,43400,43400,43000,43000,42019,43076,39200,39200
19:11:37,2199,53,4242000,87,4737000,556800,2707200,672000,231000000,0,43600,42200,43400,43000,43000,43400,41761,42837,39000,39000
19:11:47,2209,3279,4088000,87,4734000,787200,2707200,902400,231000000,7,58000,50900,53500,52700,51900,51200,42133,47778,39100,39100
19:11:56,2218,698,4207000,87,4732000,787200,3148800,902400,231000000,3,49800,46500,48000,47300,47300,46500,42633,46014,39100,39100
19:12:06,2228,195,4229000,87,4730000,556800,614400,672000,231000000,0,45500,44200,45700,45300,44900,44900,42407,44534,39100,39100
19:12:16,2238,224,4229000,87,4730000,556800,2707200,672000,231000000,0,44400,43400,44600,44200,43800,43800,41992,43608,39000,39000
19:12:27,2249,190,4231000,87,4729000,556800,614400,672000,231000000,0,43600,42600,44200,43800,43400,43800,41651,43049,39000,39000
19:12:38,2260,210,4230000,87,4728000,556800,614400,672000,231000000,4,43600,42200,43000,43400,42600,42600,41358,42633,38900,38900
19:12:48,2270,195,4231000,87,4727000,556800,614400,672000,231000000,0,42800,42200,43400,42600,42600,43000,41116,42387,38900,38900
19:12:59,2281,261,4230000,86,4726000,1017600,844800,672000,231000000,0,43200,42200,43000,43000,42600,42200,40895,42194,38800,38800
19:13:10,2292,390,4223000,86,4725000,787200,614400,672000,231000000,4,43200,41800,43000,42600,42600,42200,40762,42381,38800,38800
19:13:20,2302,189,4229000,86,4723000,556800,614400,672000,231000000,4,44800,43000,44200,44200,43800,43400,40851,43090,38700,38700
19:13:30,2312,468,4224000,86,4722000,556800,3148800,2438400,231000000,5,52900,46100,47700,47700,45700,45700,40750,43206,38600,38600
19:13:38,2320,240,4227000,86,4721000,556800,2707200,672000,231000000,5,44400,41800,43400,43000,42600,42600,40737,42500,38600,38600
19:13:49,2331,203,4231000,86,4720000,556800,614400,672000,231000000,0,42400,41000,42600,42200,42200,41800,40464,41825,38500,38500
19:14:00,2342,164,4232000,86,4720000,556800,2707200,672000,231000000,0,43200,41400,42600,42600,42200,42200,40215,41651,38500,38500
19:14:10,2352,186,4230000,86,4718000,556800,2707200,672000,231000000,59,42800,41400,42600,42200,42600,41800,40105,41651,38400,38400
19:14:21,2363,262,4229000,86,4717000,1689600,2515200,902400,231000000,31,43600,41400,42600,42200,42200,42200,39957,41573,38300,38300
19:14:32,2374,379,4221000,86,4716000,556800,2707200,672000,231000000,31,42400,40200,41800,41800,41500,41500,39802,41155,38300,38300
19:14:43,2385,173,4232000,86,4715000,556800,2707200,672000,231000000,0,42000,39800,41500,41100,41500,41100,39591,40706,38200,38200
19:14:54,2396,178,4232000,86,4715000,672000,614400,672000,231000000,0,41300,39400,41100,41100,40700,40700,39372,40445,38100,38100
19:15:05,2407,263,4225000,86,4714000,556800,614400,672000,231000000,0,41300,39400,40700,40700,41100,40700,39171,40260,38000,38000
19:15:16,2418,179,4230000,86,4713000,556800,2707200,672000,231000000,0,40500,39000,41100,40700,40700,40300,38987,40022,38000,38000
19:15:28,2430,182,4230000,86,4712000,556800,2707200,672000,231000000,0,40500,39000,41100,40700,40700,40300,38814,39796,37800,37800
19:15:39,2441,178,4232000,86,4711000,556800,2707200,672000,231000000,0,40100,38600,40700,40300,39900,39900,38650,39622,37800,37800
19:15:50,2452,156,4232000,86,4711000,556800,2707200,672000,231000000,0,40100,39000,40700,40700,40300,40300,38515,39659,37700,37700
19:16:01,2463,1955,4111000,86,4709000,556800,1190400,3302400,231000000,0,53700,44600,46100,45700,43800,43400,38491,41195,37600,37600
19:16:08,2470,197,4226000,86,4708000,556800,2707200,672000,231000000,45,42000,40200,41500,41500,41100,41100,38687,40579,37500,37500
19:16:19,2481,204,4230000,86,4707000,556800,2707200,672000,231000000,0,40900,40200,41100,40300,40300,40300,38552,39851,37500,37500
19:16:27,2489,173,4228000,86,4706000,556800,2707200,672000,231000000,42,41600,39800,41500,40700,41100,40300,38491,40061,37500,37500
19:16:38,2500,364,4225000,86,4705000,556800,614400,3302400,231000000,40,46300,41000,43000,42200,41500,41500,38393,39996,37400,37400
19:16:47,2509,204,4227000,86,4704000,672000,2707200,672000,231000000,40,41300,39000,41100,40300,40700,40300,38294,39733,37300,37300
19:16:58,2520,164,4229000,86,4703000,556800,614400,672000,231000000,0,40100,39000,40300,39900,39900,39900,38121,39259,37200,37200
19:17:09,2531,168,4230000,86,4703000,556800,614400,672000,231000000,0,40100,38600,39900,39500,39100,39100,37922,38994,37100,37100
19:17:20,2542,167,4230000,86,4702000,672000,614400,672000,231000000,0,39300,38200,39100,39100,39500,39500,37760,38778,37000,37000
19:17:32,2554,193,4229000,86,4701000,556800,614400,672000,231000000,0,39300,37800,39500,39100,39100,38700,37604,38601,37000,37000
19:17:43,2565,170,4230000,86,4700000,556800,2707200,672000,231000000,0,39300,37800,39500,39100,39100,39100,37466,38460,36900,36900
19:17:54,2576,175,4228000,86,4699000,556800,2707200,672000,231000000,0,39300,37800,39500,38700,38700,38700,37327,38307,36800,36800
19:18:05,2587,171,4229000,86,4699000,556800,2707200,672000,231000000,0,38500,38200,39100,38700,39100,38700,37200,38189,36700,36700
19:18:16,2598,178,4228000,86,4698000,556800,2707200,672000,231000000,0,39300,37800,39500,38700,39100,38700,37108,38227,36600,36600
19:18:27,2609,320,4216000,86,4696000,556800,2707200,672000,231000000,0,42000,39800,41100,41100,40700,40300,37206,39870,36600,36600
19:18:37,2619,644,4198000,86,4695000,1248000,2572800,3302400,231000000,0,51000,44900,44200,44200,41800,41800,37333,39509,36500,36500
19:18:44,2626,884,4183000,86,4692000,787200,2707200,902400,903000000,9,50600,46900,48000,47300,46100,45700,37580,41142,36500,36500
19:18:53,2635,366,4212000,86,4691000,556800,3148800,3302400,231000000,24,61900,47300,48800,49200,46100,45300,37867,41436,36400,36400
19:19:00,2642,934,4173000,86,4688000,787200,2707200,902400,903000000,8,52900,48100,49200,48800,47300,47300,38171,42613,36400,36400
19:19:09,2651,199,4218000,86,4686000,556800,614400,672000,231000000,12,43200,40600,43000,42600,42200,41800,38381,41195,36300,36300
19:19:19,2661,692,4193000,86,4685000,1804800,2707200,1939200,231000000,9,47100,43400,45300,44900,43800,43800,38251,41489,36200,36200
19:19:27,2669,183,4219000,86,4684000,556800,2707200,672000,231000000,9,41600,39800,41500,41100,40700,40700,38134,40144,36100,36100
19:19:38,2680,169,4224000,86,4683000,556800,614400,672000,231000000,0,40100,38600,40300,39900,39900,39100,37754,39133,35900,35900
19:19:48,2690,296,4220000,86,4682000,556800,614400,2380800,231000000,26,46300,39800,41800,41100,41100,40700,37580,39366,35900,35900
19:19:57,2699,199,4221000,86,4681000,556800,2707200,672000,231000000,6,41600,39400,41100,40700,40300,40300,37496,39171,35800,35800
19:20:05,2707,405,4217000,86,4679000,556800,2707200,672000,231000000,3,41300,39400,40700,40700,39900,40300,37454,39397,35700,35700
19:20:16,2718,161,4222000,86,4679000,556800,614400,672000,231000000,0,39700,37800,39500,39100,39100,38700,37267,38583,35700,35700
19:20:28,2730,206,4222000,86,4678000,556800,2707200,672000,231000000,0,38900,38200,39100,39100,38700,38700,37023,38177,35600,35600
19:20:39,2741,153,4225000,86,4677000,556800,614400,672000,231000000,0,38100,37400,39100,38700,38700,38000,36829,37928,35600,35600
19:20:50,2752,184,4224000,86,4676000,672000,2707200,672000,231000000,0,38500,37400,38700,38400,38400,38000,36665,37694,35500,35500
19:21:01,2763,194,4223000,86,4675000,556800,2707200,672000,231000000,0,38500,37100,38400,38400,38400,38000,36499,37484,35500,35500
19:21:13,2775,156,4224000,86,4675000,787200,2707200,672000,231000000,0,38500,37400,38400,38000,38000,37600,36357,37339,35400,35400
19:21:24,2786,151,4224000,86,4674000,556800,614400,672000,231000000,0,38100,36700,38000,37600,37600,37200,36232,37188,35300,35300
19:21:35,2797,154,4224000,86,4673000,556800,614400,672000,231000000,0,38100,36700,38000,37200,37600,37600,36094,37047,35300,35300
19:21:47,2809,179,4224000,86,4672000,556800,2707200,672000,231000000,0,38100,36700,38000,37600,37600,37600,35980,36962,35200,35200
19:21:58,2820,364,4213000,86,4671000,787200,2707200,672000,231000000,0,38900,37100,38400,38000,38000,37600,35968,37327,35100,35100
19:22:08,2830,198,4218000,85,4669000,672000,2707200,672000,231000000,4,39700,38200,39500,38700,39100,38700,36148,38115,35100,35100
19:22:19,2841,168,4222000,85,4668000,556800,614400,672000,231000000,0,38100,37100,38400,37600,38000,38000,36094,37309,35000,35000
19:22:30,2852,421,4223000,85,4667000,556800,2707200,672000,231000000,0,38500,36700,38400,38000,38000,37600,35908,37047,35000,35000
19:22:41,2863,158,4223000,85,4667000,556800,614400,672000,231000000,0,37400,37100,38000,37600,37600,37600,35767,36805,34900,34900
19:22:51,2873,173,4222000,85,4665000,556800,2707200,672000,231000000,7,39300,37100,38700,38400,37600,38000,35744,37151,34800,34800
19:23:02,2884,166,4222000,85,4665000,1574400,3148800,3302400,903000000,18,54900,43000,44600,44600,41800,41100,35697,37363,34800,34800
19:23:09,2891,1098,4177000,85,4662000,1132800,2707200,902400,231000000,11,45900,41000,43000,43000,41800,41800,36004,39328,34800,34800
19:23:20,2902,148,4220000,85,4661000,902400,2707200,672000,231000000,5,39700,37800,39500,38700,39100,38700,36154,37891,34700,34700
19:23:31,2913,242,4215000,85,4660000,556800,614400,672000,231000000,0,38500,36700,38000,37600,38000,38000,35908,37145,34600,34600
19:23:42,2924,192,4220000,85,4660000,556800,2707200,672000,231000000,0,37700,36700,38400,37600,37600,37200,35703,36888,34600,34600
19:23:53,2935,151,4221000,85,4659000,556800,2707200,672000,231000000,0,37400,36700,37600,37200,37600,36800,35541,36594,34500,34500
19:24:05,2947,167,4219000,85,4658000,556800,2707200,672000,231000000,0,37400,36700,37600,37200,37200,37200,35378,36422,34500,34500
19:24:16,2958,148,4221000,85,4657000,556800,2707200,672000,231000000,0,36600,35900,37200,37200,36800,36400,35237,36208,34400,34400
19:24:27,2969,1066,4170000,85,4656000,787200,2707200,902400,903000000,9,46300,41800,43400,43400,42200,41500,35214,37736,34400,34400
19:24:37,2979,860,4176000,85,4653000,1248000,2707200,3302400,903000000,9,48700,44200,45300,45300,43400,43400,35616,39025,34400,34400
19:24:46,2988,311,4208000,85,4651000,556800,2707200,672000,231000000,5,42000,39000,41100,40300,40300,40300,35998,38735,34400,34400
19:24:58,3000,153,4215000,85,4650000,556800,2707200,672000,231000000,17,38900,37400,39100,38700,38400,38000,35896,37664,34300,34300
19:25:08,3010,1022,4191000,85,4649000,1574400,3148800,3302400,231000000,0,60000,43800,46500,46100,43000,42600,35778,38644,34200,34200
19:25:14,3016,254,4212000,85,4647000,556800,2707200,672000,231000000,1,39700,38600,39900,39500,39100,38700,35974,38344,34200,34200
19:25:25,3027,242,4215000,85,4645000,556800,2707200,672000,231000000,0,39300,37400,38700,38400,38400,38400,35824,37484,34200,34200
19:25:36,3038,1342,4142000,85,4644000,902400,1612800,3302400,903000000,12,55700,43400,45700,45700,43000,42600,35645,37934,34100,34100
19:25:44,3046,200,4212000,85,4643000,556800,2707200,672000,231000000,8,39700,37800,39500,38700,38700,38700,35801,37837,34100,34100
19:25:55,3057,178,4217000,85,4642000,1017600,2707200,672000,231000000,0,37700,36300,38000,37600,37600,37600,35605,36901,34100,34100
19:26:06,3068,160,4216000,85,4641000,556800,614400,672000,231000000,0,37000,35900,37600,37200,37200,36800,35354,36470,34000,34000
19:26:17,3079,216,4214000,85,4640000,556800,2707200,672000,231000000,0,37400,35900,37200,36800,36800,36800,35179,36297,34000,34000
19:26:28,3090,353,4205000,85,4639000,1689600,2707200,902400,231000000,0,44000,41000,43000,42200,40300,39900,35161,37236,34000,34000
19:26:35,3097,169,4212000,85,4638000,556800,2707200,672000,231000000,37,38500,37100,38400,38000,38000,38000,35325,37139,34000,34000
19:26:46,3108,1045,4155000,85,4636000,1804800,1612800,3302400,903000000,10,48700,42200,45300,45300,43000,42600,35389,38918,33900,33900
19:26:55,3117,170,4212000,85,4634000,556800,2707200,672000,231000000,10,39300,38200,39100,38700,38700,38700,35616,37694,33900,33900
19:27:06,3128,183,4214000,85,4633000,556800,614400,672000,231000000,0,38100,36700,38000,37600,37200,37600,35424,36876,33900,33900
19:27:17,3139,167,4215000,85,4632000,556800,614400,672000,231000000,0,37400,35900,37600,36800,37200,36800,35173,36321,33900,33900
19:27:28,3150,161,4215000,85,4632000,556800,2707200,672000,231000000,0,37000,36300,37200,36800,36800,36400,34972,36010,33800,33800
19:27:39,3161,861,4170000,85,4630000,787200,2380800,902400,903000000,8,46700,41800,43800,43400,41800,40700,34918,37285,33800,33800
19:27:48,3170,935,4166000,85,4627000,787200,2707200,902400,903000000,8,49400,44600,46100,45700,44200,43400,35319,39114,33800,33800
19:27:57,3179,176,4206000,85,4625000,556800,614400,672000,231000000,10,41300,39000,40700,40700,40700,40300,35761,38681,33800,33800
19:28:08,3190,157,4211000,85,4624000,556800,2707200,672000,231000000,0,38100,37100,38700,38400,38400,38000,35582,37254,33700,33700
19:28:20,3202,166,4212000,85,4623000,556800,2707200,672000,231000000,0,37400,36300,37600,37200,37200,37200,35267,36493,33700,33700
19:28:31,3213,157,4212000,85,4622000,556800,614400,672000,231000000,0,37000,35500,37200,36800,36800,36800,35019,36094,33700,33700
19:28:41,3223,185,4212000,85,4621000,556800,2707200,672000,231000000,15,37700,35900,37600,37200,36800,36800,34912,36226,33700,33700
19:28:52,3234,162,4212000,85,4620000,556800,614400,672000,231000000,0,37000,35500,37200,36400,36800,36400,34772,35836,33600,33600
19:29:03,3245,407,4196000,85,4620000,787200,2707200,672000,231000000,0,36600,35500,37600,36800,36800,36400,34636,35860,33600,33600
19:29:15,3257,157,4213000,85,4619000,556800,614400,672000,231000000,0,36200,35100,36800,36400,36400,36000,34527,35553,33600,33600
19:29:26,3268,164,4211000,85,4618000,556800,2707200,672000,231000000,0,36600,34700,36400,36400,36000,36400,34412,35436,33500,33500
19:29:37,3279,165,4211000,85,4617000,556800,614400,672000,231000000,0,36200,34700,36400,36000,36400,35600,34291,35290,33500,33500
19:29:48,3290,401,4201000,85,4616000,1804800,614400,672000,231000000,0,37000,35100,36800,36800,36400,36400,34257,35599,33500,33500
19:29:59,3301,270,4202000,85,4615000,556800,2707200,672000,231000000,40,38100,36700,38000,38000,37600,37600,34395,36345,33500,33500
19:30:10,3312,162,4209000,84,4614000,556800,2707200,672000,231000000,0,36200,35500,37200,36800,36400,36400,34384,35611,33400,33400
19:30:21,3323,184,4211000,84,4613000,556800,2707200,672000,231000000,0,36600,34700,36000,36000,36000,36000,34222,35267,33400,33400
19:30:32,3334,515,4183000,84,4611000,1459200,1708800,902400,310000000,1,41300,38200,39900,39900,38700,38400,34262,36594,33400,33400
19:30:40,3342,1007,4159000,84,4609000,672000,3148800,902400,770000000,10,46700,41000,43400,43000,41800,41800,34538,37928,33400,33400
19:30:48,3350,307,4194000,84,4608000,787200,1497600,902400,231000000,2,40100,38200,39900,39100,38700,39100,34841,37254,33400,33400
19:30:58,3360,355,4195000,84,4606000,787200,844800,902400,231000000,2,39700,37100,39100,38400,38400,38000,34772,36711,33400,33400
19:31:08,3370,778,4169000,84,4605000,787200,2131200,902400,903000000,9,45100,42200,43400,43000,41800,41800,34749,37580,33300,33300
19:31:18,3380,865,4164000,84,4602000,787200,1075200,902400,903000000,10,46700,43400,44900,44200,43400,42600,35013,38559,33300,33300
19:31:28,3390,850,4163000,84,4599000,787200,2707200,902400,903000000,9,47500,43800,45300,44900,43400,43400,35325,39101,33300,33300
19:31:39,3401,904,4153000,84,4596000,787200,1612800,902400,903000000,10,47900,44600,45700,45700,44200,43800,35576,39497,33300,33300
19:31:49,3411,904,4155000,84,4593000,787200,1190400,902400,903000000,9,48300,44600,46100,45700,44200,44200,35784,39721,33300,33300
19:31:59,3421,884,4165000,84,4591000,787200,1612800,902400,903000000,10,48700,44900,46100,45700,44900,44600,35962,39925,33300,33300
19:32:09,3431,799,4171000,84,4588000,787200,2707200,902400,903000000,9,49000,44600,46500,46100,44900,44600,36136,40157,33300,33300
19:32:19,3441,992,4144000,84,4585000,787200,1824000,902400,903000000,9,49800,45300,46900,47300,45300,45300,36351,40706,33300,33300
19:32:29,3451,1728,4112000,84,4582000,1017600,1824000,1824000,903000000,10,56100,49300,55000,54600,52300,51500,36623,42294,33300,33300
19:32:36,3458,1474,4114000,84,4579000,787200,2707200,902400,903000000,9,53700,50500,57700,56600,56200,58100,37041,42567,33300,33300
19:32:46,3468,787,4161000,84,4575000,1344000,614400,3302400,231000000,11,52900,51300,51900,51500,49200,48800,37267,42307,33300,33300
19:32:54,3476,549,4160000,84,4573000,1248000,3148800,902400,903000000,7,55700,50500,55800,54300,56200,55400,37496,43076,33300,33300
19:33:02,3484,1656,4088000,84,4569000,787200,614400,672000,231000000,8,48300,47300,47300,47300,46100,46100,37688,42752,33300,33300
19:33:10,3492,1336,4114000,84,4566000,787200,2707200,902400,422000000,2,50200,46100,47700,47700,46900,46900,37813,42903,33300,33300
19:33:19,3501,1375,4116000,84,4563000,1248000,2707200,902400,903000000,9,53700,52100,67100,57000,57400,59300,37910,43165,33400,33400
19:33:28,3510,357,4173000,84,4560000,787200,1612800,902400,231000000,1,46700,43400,45700,44900,44600,44900,38028,42214,33400,33400
19:33:37,3519,1333,4117000,83,4557000,787200,844800,902400,903000000,9,52900,50500,56200,58500,56600,58100,37891,42460,33400,33400
19:33:46,3528,1644,4101000,83,4555000,787200,2707200,902400,903000000,10,52200,50100,59700,55400,58500,61200,37947,42374,33400,33400
19:33:56,3538,1494,4121000,83,4551000,787200,1612800,902400,903000000,9,53700,51700,57400,57700,58100,57000,38084,43234,33500,33500
19:34:06,3548,1320,4114000,83,4547000,787200,1075200,902400,903000000,10,54900,53200,64300,66300,63200,61200,38368,43857,33500,33500
19:34:17,3559,1385,4109000,83,4542000,902400,1824000,902400,903000000,10,55300,53200,58500,58500,58500,58100,38632,44227,33600,33600
19:34:27,3569,1233,4138000,83,4538000,787200,844800,902400,903000000,9,55300,52800,59300,62400,62000,58100,38881,44561,33600,33600
19:34:38,3580,1208,4113000,83,4534000,787200,960000,902400,903000000,9,55700,53600,61200,62800,59300,57700,39095,44789,33700,33700
19:34:48,3590,1272,4113000,83,4530000,1804800,1612800,902400,903000000,9,56400,54000,60500,60800,60800,64300,39316,45172,33800,33800
19:34:59,3601,320,4165000,83,4527000,787200,1824000,902400,231000000,2,48700,45700,48000,47300,46900,46900,39478,44045,33800,33800
19:35:09,3611,1281,4118000,83,4524000,787200,844800,902400,903000000,10,53700,51300,58100,57000,58100,61600,39247,43796,33900,33900
19:35:20,3622,1327,4112000,83,4520000,556800,2707200,3302400,231000000,10,60000,51700,53100,52700,50800,50400,39272,44360,33900,33900
19:35:26,3628,182,4174000,83,4519000,556800,2707200,672000,231000000,31,46300,44600,45300,44900,44900,44900,39385,43261,34000,34000
19:35:34,3636,2611,4056000,83,4515000,787200,2515200,902400,903000000,9,58400,54000,62800,60800,59300,59300,39353,45193,34000,34000
19:35:45,3647,1431,4101000,83,4511000,787200,2707200,902400,903000000,9,56400,54000,63600,62000,59300,58900,39659,45386,34100,34100
19:35:55,3657,1374,4105000,83,4506000,787200,844800,902400,903000000,9,58400,55200,62800,60800,64300,60100,39944,46049,34100,34100
19:36:04,3666,1344,4112000,83,4503000,1132800,2707200,902400,903000000,9,58800,55200,70900,63200,62800,66300,40164,46187,34200,34200
19:36:13,3675,1246,4113000,82,4498000,787200,1612800,902400,903000000,9,57600,55600,62000,63600,65500,63200,40407,46668,34300,34300
19:36:24,3686,1286,4104000,82,4494000,787200,844800,902400,903000000,9,58000,56000,61600,63200,66300,60100,40566,46624,34400,34400
19:36:34,3696,1281,4098000,82,4490000,787200,2707200,902400,903000000,9,59600,56800,63600,66300,63200,61600,40794,47235,34400,34400
19:36:43,3705,1269,4102000,82,4487000,1804800,1075200,902400,903000000,9,58800,56800,64000,62400,62800,64000,40945,47050,34500,34500
19:36:53,3715,1305,4102000,82,4482000,787200,844800,902400,903000000,9,58000,55600,63200,61200,60500,63600,41043,46971,34600,34600
